KBOB_ID;Construction_Type;Material_Category;CONSTRUCTION MATERIALS;Type;Density/ mass per unit area;Relation;UBP;renewable primary energy kWh oil eq;non-renewable (embodied energy) primary energy kWh oil eq;greenhouse gas emissions kg CO2-eq;biogenic carbon kg C
0.001;Excavation securing;concrete;Construction pit securing, bored pile wall, sprouted;Disposal, construction pit securing, bored pile wall, sprouted;-;m2;1’390’000;134;2230;911;0
0.002;Excavation securing;concrete;Excavation securing, bored pile wall, unanchored;Disposal, construction pit securing, bored pile wall, unanchored;-;m2;1’320’000;120;2040;872;0
0.003;Excavation securing;concrete;Construction pit securing, bored pile wall, anchored;Disposal, construction pit securing, bored pile wall, anchored;-;m2;1’000’000;111;1570;620;0
0.004;Excavation securing;concrete;Excavation securing, nail wall;Disposal, excavation securing, wall of nails;-;m2;222’000;24;336;140;0
0.005;Excavation securing;concrete;Excavation pit protection, retaining wall, cantilevered;Disposal, construction pit securing, retaining wall, cantilevered;-;m2;447’000;108;886;276;0
0.006;Excavation securing;concrete;Excavation securing, Rühlwand, sprouted;Disposal, excavation securing, Rühlwand, sprouted;-;m2;317’000;47;651;193;0
0.007;Excavation securing;concrete;Construction pit securing, retaining wall, anchored;Disposal, excavation securing, retaining wall, anchored;-;m2;340’000;47;665;208;0
0.008;Excavation securing;concrete;Construction pit securing, diaphragm wall, 400 mm;Disposal, excavation securing, diaphragm wall, 400mm;-;m2;913’000;96;1320;497;0
0.009;Excavation securing;concrete;Construction pit securing, diaphragm wall, 800 mm;Disposal, excavation securing, diaphragm wall, 800mm;-;m2;1’650’000;182;2400;957;0
0.01;Excavation securing;metal;Excavation securing, sheet piling, cantilevered;Disposal, construction pit securing, sheet piling, cantilevered;-;m2;289’000;44;733;170;0
0.011;Excavation securing;metal;Excavation securing, sheet piling, sprouted;Disposal, excavation securing, sheet piling, sprouted;-;m2;163’000;24;413;96;0
0.012;Excavation securing;metal;Excavation securing, sheet piling, anchored;Disposal, excavation securing, sheet piling, anchored;-;m2;327’000;54;800;190;0
0.013;Deep foundation;concrete;Deep foundation, micro bored pile;Disposal, deep foundation, micro bored pile;-;m;59’800;9;118;35;0
0.014;Deep foundation;concrete;Deep foundation, in-situ concrete bored pile, 700 mm;Disposal, deep foundation, in-situ concrete bored pile, 700mm;-;m;296’000;30;411;184;0
0.015;Deep foundation;concrete;Deep foundation, in-situ concrete bored pile, 900 mm;Disposal, deep foundation, in-situ concrete bored pile, 900mm;-;m;435’000;47;572;275;0
0.016;Deep foundation;concrete;Deep foundation, in-situ concrete bored pile, 1200 mm;Disposal, deep foundation, in-situ concrete bored pile, 1200mm;-;m;670’000;74;856;428;0
0.017;Deep foundation;concrete;Deep foundation, in-situ concrete displacement pile 560/480 mm;Disposal, deep foundation, in-situ concrete displacement pile 560/480mm;-;m;149’000;15;246;91;0
0.018;Deep foundation;concrete;Deep foundation, in-situ concrete displacement pile 660/580 mm;Disposal, deep foundation, in-situ concrete displacement pile 660/580mm;-;m;187’000;20;296;115;0
0.019;Deep foundation;concrete;Deep foundation, vibro-tamping column;Disposal, deep foundation, vibratory tamping column;-;m;30’900;2;29;7;0
0.02;Deep foundation;concrete;Deep Foundation, Prefabricated Concrete Pile;Disposal, deep foundation, prefabricated concrete pile;-;m;51’400;6;67;33;0
0.021;Dewatering;Dewatering;Dewatering, pump height 2.5 m;Disposal, dewatering, pump height 2.5m;-;m3;21;0;0;0;0
0.022;Dewatering;Dewatering;Dewatering, pump height 5 m;Disposal, dewatering, pump height 5m;-;m3;25;0;0;0;0
0.023;Dewatering;Dewatering;Dewatering, pump height 7.5 m;Disposal, dewatering, pump height 7.5m;-;m3;29;0;0;0;0
0.024;Dewatering;Dewatering;Dewatering, pump height 10 m;Disposal, dewatering, pump height 10m;-;m3;33;0;0;0;0
1.001;wall, roof, floor slab, platform, staircase, column;concrete;lean concrete (without reinforcement);disposal, concrete;2’150;kg;105;0.01;0.129;0.063;0
1.002;wall, roof, floor slab, platform, staircase, column;concrete;High-rise concrete (without reinforcement);disposal, concrete;2’300;kg;154;0.015;0.175;0.101;0
1.003;wall, roof, floor slab, platform, staircase, column;concrete;civil engineering concrete (without reinforcement);disposal, concrete;2’350;kg;164;0.016;0.189;0.109;0
1.004;wall, roof, floor slab, platform, staircase, column;concrete;Bored pile concrete (without reinforcement);disposal, concrete;2’325;kg;175;0.017;0.198;0.119;0
1.041;wall, roof, floor slab, platform, staircase, column;concrete;Precast concrete part, high-strength concrete, ex works;disposal, concrete;2’770;kg;589;0.082;0.871;0.358;0
1.042;wall, roof, floor slab, platform, staircase, column;concrete;Precast concrete part, normal concrete, ex works;disposal, concrete;2’500;kg;330;0.096;0.489;0.204;0
1.043;wall, roof, floor slab, platform, staircase, column;concrete;hempcrete;Disposal mix, hempcrete;600;kg;665;0.899;0.959;0.324;0
01.043.01;wall, roof, floor slab, platform, staircase, column;concrete;Hempcrete, ARBIO;Disposal mix, hempcrete;600;kg;639;0.9;0.9;0.31;0.06
2.001;wall;bricks;brick;Disposal, building materials, mineral, unspecified;900;kg;372;0.08;0.79;0.267;0
02.001.01;wall;bricks;Brick, perlite filled, zzwancor;Disposal, building materials, mineral, unspecified;575;kg;421;0.1;0.9;0.28;0
2.002;wall;bricks;sand-lime brick;Disposal, building materials, mineral, unspecified;1’400;kg;259;0.04;0.39;0.162;0
02.002.01;wall;bricks;Sand-lime brick, FBB;Disposal, building materials, mineral, unspecified;1200-2000;kg;196;0;0.3;0.12;0
02.002.02;wall;bricks;Sand-lime brick, Hunziker Kalksandstein AG;Disposal, building materials, mineral, unspecified;1200-2000;kg;191;0;0.3;0.11;0
2.003;wall;bricks;lightweight adobe;Disposal, building materials, mineral, unspecified;700;kg;354;0.79;0.76;0.18;0
2.004;wall;bricks;Lightweight cement block, expanded clay;Disposal, building materials, mineral, unspecified;1’200;kg;610;0.06;1.43;0.429;0
2.005;wall;bricks;Lightweight cement stone, natural pumice;Disposal, building materials, mineral, unspecified;1’200;kg;323;0.04;0.36;0.213;0
2.006;wall;bricks;aerated concrete block;Disposal, building materials, mineral, unspecified;500;kg;574;0.07;0.86;0.427;0
2.007;wall;bricks;cement stone;Disposal, building materials, mineral, unspecified;1’700;kg;215;0.03;0.226;0.127;0
02.007.01;wall;bricks;Earth stone, made of pressed earth, Terrabloc;Disposal, earth stone, pressed earth, Terrabloc;1’850;kg;136;0;0.1;0.06;0
02.007.02;wall;bricks;Hemp stones, Schönthaler AG;Disposal, hemp stones, Schönthaler AG;300;kg;824;1.8;1.9;0.37;0.15
3.021;aggregate;aggregate;concrete granulate;Disposal, gravel and sand;2’500;kg;44;0;0.06;0.014;0
3.001;wall;bricks;concrete brick;Disposal, building materials, mineral, unspecified;2’300;kg;327;0.04;0.47;0.209;0
3.002;roof covering;fiber cement;Fiber cement roof shingle;Disposal, fiber cement;1’800;kg;1100;0.5;2.16;0.7;0
3.003;roof covering;fiber cement;Fiber cement panel large;Disposal, fiber cement;1’800;kg;1’520;0.6;2.9;1.04;0
3.004;roof covering;fiber cement;Fiber cement corrugated sheet;Disposal, fiber cement;1’800;kg;1060;0.55;1.78;0.65;0
3.005;Other solid building materials;flat glass;Flat glass coated;Disposal, flat glass;2’500;kg;2’000;0.3;4.6;1.2;0
3.006;Other solid building materials;flat glass;Flat glass uncoated;Disposal, flat glass;2’500;kg;1’790;0.1;4.1;1.14;0
3.007;cladding, flooring;board;gypsum fiber board;Disposal, gypsum fiber board;1’200;kg;875;0.1;2.47;0.553;0
3.008;cladding, flooring;board;plasterboard;Disposal, plasterboard;850;kg;525;0.09;1.33;0.302;0
3.016;cladding, flooring;board;Gypsum wallboard / solid gypsum board;Disposal, gypsum wallboard / solid gypsum board;1’000;kg;531;0.03;1.45;0.317;0
3.009;cladding, flooring;slab;hard sandstone slab;Disposal, building materials, mineral, unspecified;2’500;kg;113;0.05;0.28;0.0411;0
3.017;cladding, flooring;slab;limestone slab;Disposal, building materials, mineral, unspecified;2’500;kg;141;0.03;0.34;0.0738;0
3.01;cladding, flooring;slab;ceramic/stoneware plate;Disposal, building materials, mineral, unspecified;2’600;kg;4’110;0.2;3.7;0.796;0
3.011;Other solid building materials;aggregate;broken gravel;Disposal, gravel and sand;2’000;kg;65.2;0.008;0.085;0.0178;0
3.022;Other solid building materials;aggregate;mixed granules;Disposal, gravel and sand;2’400;kg;41.3;0.002;0.053;0.0135;0
3.012;Other solid building materials;aggregate;round gravel;Disposal, gravel and sand;2’000;kg;59.7;0.004;0.069;0.0159;0
3.013;aggregate;aggregate;sand;Disposal, gravel and sand;2’000;kg;59.7;0.004;0.069;0.0159;0
3.014;sanitary;sanitary;sanitary ware;Disposal, building materials, mineral, unspecified;2’000;kg;4’690;0.4;11.1;2.38;0
3.02;wall;earth;rammed earth;Disposal, building materials, mineral, unspecified;2’000;kg;80;0;0.1;0.02;0
3.015;wall;clay;clay bricks;disposal, brick;1’700;kg;515;0.03;1.12;0.386;0
4.008;wall (brick adhesive), wall finishing, cladding;mortar and plaster;Construction adhesive/embedding mortar mineral;Disposal, mortar, plaster;1’400;kg;634;0.17;1.53;0.406;0
4.01;wall (brick adhesive), wall finishing, cladding;mortar and plaster;Construction adhesive/embedding mortar mineral lightweight aggregate;Disposal, mortar, plaster;1’100;kg;639;0.15;1.61;0.427;0
4.002;wall (brick adhesive), wall finishing, cladding;mortar and plaster;Organic construction adhesive/embedding mortar;Disposal, mortar, plaster;1’670;kg;1’400;0.2;4.2;0.78;0
4.017;wall (brick adhesive), wall finishing, cladding;mortar and plaster;gypsum-lime plaster;Disposal, mortar, plaster;925;kg;251;0.06;0.68;0.158;0
4.001;wall (brick adhesive), wall finishing, cladding;mortar and plaster;gypsum/white plaster;Disposal, mortar, plaster;1’100;kg;242;0.1;0.7;0.15;0
4.003;wall (brick adhesive), wall finishing, cladding;mortar and plaster;Plastic plaster (dispersion plaster);Disposal, mortar, plaster;1’540;kg;1740;0.24;5.2;0.972;0
4.013;wall (brick adhesive), wall finishing, cladding;mortar and plaster;Lime-cement/cement-lime plaster;Disposal, mortar, plaster;1’550;kg;396;0.14;0.72;0.264;0
4.004;wall (brick adhesive), wall finishing, cladding;mortar and plaster;clay plaster;Disposal, mortar, plaster;1’800;kg;96.5;0.019;0.173;0.033;0
4.015;wall (brick adhesive), wall finishing, cladding;mortar and plaster;Light plaster mineral;Disposal, mortar, plaster;1’000;kg;575;0.16;1.23;0.373;0
4.011;wall (brick adhesive), wall finishing, cladding;mortar and plaster;Silicate plaster (dispersion silicate plaster);Disposal, mortar, plaster;1’880;kg;1880;0.28;5.49;1.08;0
4.012;wall (brick adhesive), wall finishing, cladding;mortar and plaster;silicone resin plaster;Disposal, mortar, plaster;1’670;kg;2010;0.36;6.09;1.14;0
4.016;wall (brick adhesive), wall finishing, cladding;mortar and plaster;swamp lime plaster;Disposal, mortar, plaster;1’350;kg;747;0.13;1.77;0.511;0
4.005;flooring;mortar and plaster;Underlay anhydrite, 60 mm;Disposal, building materials, mineral, unspecified;2’000;kg;216;0.03;0.43;0.0916;0
4.006;flooring;mortar and plaster;Cement subfloor, 85 mm;Disposal, building materials, mineral, unspecified;1’850;kg;206;0.04;0.23;0.12;0
4.007;wall (brick adhesive), wall finishing, cladding;mortar and plaster;Thermal insulation plaster EPS;Disposal, mortar, plaster;250;kg;965;0.15;1.79;0.727;0
4.014;wall (brick adhesive), wall finishing, cladding;mortar and plaster;white cement plaster;Disposal, mortar, plaster;1’550;kg;508;0.14;0.9;0.354;0
4.009;wall (brick adhesive), wall finishing, cladding;mortar and plaster;cement plaster;Disposal, mortar, plaster;1’550;kg;392;0.13;0.66;0.261;0
5.008;system facade;glass/metal;Facade, mullion-transom, aluminium/glass1;Disposal, facade, mullion-transom, aluminium/glass;-;m2;349’000;74;723;193;0
5.022;façade panel;metal;Facade panel, aluminum composite, 4 mm;Disposal, facade panel, aluminum composite, 4 mm;7.1;m2;74’900;24;192;43;0
5.023;façade panel;plastics;Facade panel, high-pressure laminate panel (HPL), 8.1 mm;Disposal, HPL facade panels;11.6;m2;73’400;84;198;46;3
5.025;façade panel;mineral;Cladding panel, limestone, 30 mm;Disposal, facade, mineral, limestone;78;m2;11’000;2;26;6;0
5.024;façade panel;plastics;Facade panel, glass fiber reinforced plastic (GRP), 1.6 mm;Disposal, GRP facade panel;2.4;m2;31’700;4;75;22;0
5.004;Windows frame;metal;Aluminum window frames2;Disposal, building, window frames, aluminum;-;m2;247’000;77;554;133;0
05.004.01;Windows frame;metal;Aluminum window frame, WICLINE 75evo, made with Hydro CIRCAL 75R2;Disposal, building, window frames aluminum, WICLINE 75evo, made with Hydro CIRCAL 75R;-;m2;177’000;53.9;193;55.6;0
5.005;Windows frame;wood;window frame wood2;Disposal, building, window frames, wood;-;m2;78’000;190;172;36;8
05.005.01;Windows frame;wood;Window frame wood, Saphir integral 67/55, G. Baumgartner AG2;Disposal, buildings, window frames, wood, Saphir integral 67/55, G. Baumgartner AG;-;m2;59’300;114;139;25;4
5.006;Windows frame;wood-metal;Wood-metal window frames2;Disposal, building, window frames, wood-metal;-;m2;134’000;179;300;66;6
05.006.01;Windows frame;wood-metal;Wood-metal window frame, Saphir integral 55/55, G. Baumgartner AG2;Disposal, buildings, window frames, wood-metal, Saphir integral 55/55, G. Baumgartner AG;-;m2;79’600;113;193;38;4
5.007;Windows frame;plastics;Plastic/PVC window frame2;Disposal, buildings, window frames, plastic;-;m2;115’000;15;328;64;0
5.001;Windows glazing;glass;Double insulating glazing, Ug value 1.1 W/m2K, thickness 24 mm3;Disposal, double insulating glazing, float/ESG, Ug value 1.1 W/m2K, thickness 24 mm;-;m2;70’800;10;167;44.4;0
5.009;Windows glazing;glass;Double insulating glazing, Ug value 1.1 W/m2K, thickness 18mm3;Disposal, double insulating glazing, Ug value 1.1 W/m2K, thickness 18mm;-;m2;79’000;13;195;48.6;0
5.01;Windows glazing;glass;Double insulating glazing, ESG, Ug value 1.1 W/m2K3;Disposal, double insulating glazing, float/ESG, Ug value 1.1 W/m2K, thickness 24 mm;-;m2;87’100;19;216;52.2;0
5.002;Windows glazing;glass;Double insulating glazing, laminated safety glass, Ug value 1.1 W/m2K3;Disposal, double glazing, float/ESG/VSG, Ug value 1.1 W/m2K;-;m2;128’000;21;324;79.4;0
5.011;Windows glazing;glass;Double insulating glazing, ESG/VSG, Ug value 1.1 W/m2K3;Disposal, double glazing, float/ESG/VSG, Ug value 1.1 W/m2K;-;m2;145’000;29;373;87.2;0
5.003;Windows glazing;glass;Triple glazing, Ug value 0.5 W/m2K, thickness 36 mm3;Disposal, triple glazing, Ug value 0.5 W/m2K, thickness 36 mm;-;m2;128’000;23;320;78.4;0
5.012;Windows glazing;glass;Triple glazing, Ug value 0.6 W/m2K, thickness 40 mm3;Disposal, triple glazing, Ug value 0.6 W/m2K, thickness 40 mm;-;m2;110’000;16;255;67.9;0
5.013;Windows glazing;glass;Triple glazing, ESG/ESG, Ug value 0.6 W/m2K3;Disposal, triple glazing, Ug value 0.6 W/m2K, thickness 40 mm;-;m2;143’000;33;353;83.4;0
5.014;Windows glazing;glass;Triple glazing, ESG/ESG/ESG, Ug value 0.6 W/m2K3;Disposal, triple glazing, Ug value 0.6 W/m2K, thickness 40 mm;-;m2;159’000;41;402;91.2;0
5.015;Windows glazing;glass;Triple glazing, laminated safety glass, Ug value 0.6 W/m2K3;Disposal, triple glazing, float/ESG/VSG, Ug value 0.6 W/m2K;-;m2;168’000;27;412;103;0
5.016;Windows glazing;glass;Triple glazing, ESG/VSG, Ug value 0.6 W/m2K3;Disposal, triple glazing, float/ESG/VSG, Ug value 0.6 W/m2K;-;m2;186’000;35;465;112;0
5.02;sun protection;plaster base board;Plaster base board bonded with synthetic resin 13 mm;Disposal, plaster base board bonded with synthetic resin;6.3;m2;16700;3.58;44.3;8.12;0
5.021;sun protection;plaster base board;Plaster base board mineral bound 12.5 mm;Disposal, plaster base board bound with minerals;14.4;m2;9940;2.44;19.1;6.32;0
5.026;sun protection;Frame extension;Frame extension, PVC;Disposal, frame widening, PVC;15;m2;99800;41.8;306;69.7;1
5.027;sun protection;Frame extension;Frame extension, chipboard;Disposal, frame widening, chipboard;17.8;m2;43600;94.4;124;26.1;7
5.018;sun protection;Sun protection;Sun protection, motorized exhibition gates4;Disposal, sun protection, motorized exhibition blinds;-;m2;151’000;36;283;68;0
5.017;sun protection;Sun protection;Sun protection, motorized slat blinds4;Disposal, sun protection, venetian blinds motorized;-;m2;133’000;32;249;60;0
5.019;sun protection;Sun protection;Sun protection, motorized shutters4;Disposal, sun protection, shutters motorized;-;m2;168’000;44;314;75;0
6.001;metal;sheet;Aluminum sheet, bare;Disposal, non-ferrous metals;2’690;kg;12’500;5;25;5.59;0
6.002;metal;profile;Aluminum profile, blank;Disposal, non-ferrous metals;2’690;kg;11’500;5;26;5.7;0
06.002.01;metal;profile;Aluminum profile bright, WICONA, made with Hydro CIRCAL 75R;Disposal, non-ferrous metals;2’690;kg;12’700;4.3;8.9;2.67;0
6.003;metal;reinforcement;reinforcement steel;Disposal, reinforcing steel;7’850;kg;2’930;0.4;5;1.52;0
6.014;metal;metal;Lead;Disposal, non-ferrous metals;11’340;kg;3’810;0.2;3.8;1.02;0
6.004;metal;sheet;Chrome-nickel sheet steel 18/8 blank;disposal, steel;7’900;kg;9’710;2.4;14.6;4.12;0
6.005;metal;sheet;18/8 tinned chromium-nickel sheet steel;disposal, steel;7’900;kg;13’000;2.7;22.3;5.88;0
6.006;metal;sheet;Bright chrome steel sheet;disposal, steel;7’700;kg;7’080;1;8.5;2.74;0
6.007;metal;sheet;Tinned chrome steel sheet;disposal, steel;7’700;kg;10’400;1.2;16.2;4.5;0
6.008;metal;sheet;Copper sheet, bare;Disposal, non-ferrous metals;8’900;kg;24’500;1.6;8.9;2.21;0
6.009;metal;sheet;Sheet brass/architectural bronze;Disposal, non-ferrous metals;8’300;kg;25’500;1.9;11.1;2.72;0
6.01;metal;sheet;Sheet steel, blank;disposal, steel;7’850;kg;5’270;0.6;7.8;2.8;0
6.011;metal;sheet;Galvanized steel sheet;disposal, steel;7’850;kg;15’200;1.4;15.6;4.49;0
6.012;metal;profile;Steel profile, blank;disposal, steel;7’850;kg;1’300;0.2;3.4;0.738;0
6.013;metal;sheet;titanium zinc sheet;Disposal, non-ferrous metals;7’200;kg;27’800;2.6;17.5;4.03;0
7.001;wood;panel;3- and 5-layer solid wood panel;Disposal, three-layer board;453;kg;1’020;13.3;2.2;0.471;0
7.021;wood;timber;laminated timber;Disposal, glued laminated timber;439;kg;792;8.6;1.6;0.343;0
7.003;wood;timber;glued laminated timber;Disposal, glued laminated timber;439;kg;772;8.1;1.54;0.336;0
07.003.01;wood;timber;Glued laminated timber, Swiss production;Disposal, glued laminated timber;439;kg;683;8;1.2;0.25;0.45
7.002;wood;timber;glued laminated timber;Disposal, glued laminated timber;439;kg;772;8.1;1.54;0.336;0.446
07.002.01;wood;timber;Glued laminated timber, Swiss production;Disposal, glued laminated timber;439;kg;683;8;1.2;0.25;0.45
7.02;wood;board;cross laminated timber;Disposal, chipboard, 10% binder;436;kg;884;8.1;1.8;0.397;0.449
07.020.01;wood;board;Cross laminated timber, Swiss production;Disposal, chipboard, 10% binder;424;kg;745;5.7;1.6;0.281;0.448
7.022;wood;board;veneer plywood;Disposal, chipboard, 10% binder;823;kg;1’980;9.2;5.1;1.02;0
7.004;wood;board;hardboard;Disposal, fiberboard hard;955;kg;1’770;7;4.1;1.07;0
7.005;wood;board;Wood wool lightweight board, cement-bound;Disposal, composite materials, organo-mineral;400;kg;773;2;1.28;0.536;0
7.023;wood;board;structural timber;Disposal, fiberboard hard;436;kg;691;8.3;1.25;0.29;0
7.008;wood;solid wood;Solid beech / oak, kiln dried, planed;Disposal, wood and wood-based materials, solid wood;675;kg;438;7.3;0.66;0.153;0
07.008.01;wood;solid wood;Solid beech / oak wood, kiln dried, planed, Swiss production;Disposal, wood and wood-based materials, solid wood;675;kg;398;7.4;0.6;0.12;0.45
7.007;wood;solid wood;Solid beech / oak, kiln dried, rough;Disposal, wood and wood-based materials, solid wood;675;kg;393;7.1;0.57;0.136;0
07.007.01;wood;solid wood;Solid beech / oak wood, kiln dried, rough, Swiss production;Disposal, wood and wood-based materials, solid wood;675;kg;357;7.2;0.5;0.11;0.45
7.006;wood;solid wood;Solid wood beech / oak, air-dried, rough;Disposal, wood and wood-based materials, solid wood;705;kg;324;6.2;0.48;0.121;0
07.006.01;wood;solid wood;Solid beech / oak wood, air-dried, rough, Swiss production;Disposal, wood and wood-based materials, solid wood;705;kg;291;6.3;0.4;0.1;0.41
7.011;wood;solid wood;Solid wood spruce / fir / larch, chamber cut, planed;Disposal, wood and wood-based materials, solid wood;465;kg;478;6.1;0.78;0.174;0
07.011.01;wood;solid wood;Solid wood spruce / fir / larch, chamber-tr., planed, Swiss production;Disposal, wood and wood-based materials, solid wood;465;kg;460;5.9;0.7;0.16;0.45
07.011.02;wood;solid wood;Solid wood spruce / fir, chamber-tr., solid wood house holzpur;Disposal, wood and wood-based materials, solid wood;420;kg;434;10;0.5;0.14;0.45
7.01;wood;solid wood;Solid wood spruce / fir / larch, air dried, planed;Disposal, wood and wood-based materials, solid wood;485;kg;402;5.2;0.67;0.157;0
07.010.01;wood;solid wood;Solid spruce / fir / larch wood, air dried, planed, Swiss production;Disposal, wood and wood-based materials, solid wood;485;kg;387;5.1;0.6;0.14;0.41
7.009;wood;solid wood;Solid wood spruce / fir / larch, air-dried, rough;Disposal, wood and wood-based materials, solid wood;485;kg;318;5;0.51;0.13;0
07.009.01;wood;solid wood;Solid spruce / fir / larch wood, air-dried, rough, Swiss production;Disposal, wood and wood-based materials, solid wood;485;kg;307;4.9;0.5;0.12;0.41
7.012;wood;board;Medium-density fibreboard (MDF), UF bonded;Disposal, Medium Density Fibreboard (MDF);685;kg;1’550;5.9;4.5;0.956;0
7.013;wood;board;OSB panel, PF bonded, wet area;Disposal, chipboard, 10% binder;605;kg;1’030;8.3;2.7;0.565;0
7.024;wood;board;tubular chipboard;Disposal, chipboard, 10% binder;272;kg;1’350;6.9;3.7;0.815;0
7.015;wood;board;Chipboard, PF bonded, wet area;Disposal, chipboard, 10% binder;640;kg;889;4.4;2.56;0.531;0
7.016;wood;board;Chipboard, UF bonded, coated, dry area;Disposal, chipboard, 10% binder, 3.5% MF-bound;640;kg;1’210;4.7;3.7;0.737;0
7.014;wood;board;Chipboard, UF bonded, dry area;Disposal, chipboard, 10% binder;640;kg;889;4.4;2.6;0.531;0
7.018;wood;board;Plywood/Multiplex, PF bonded, wet area;Disposal, chipboard, 10% binder;500;kg;2’880;10;7;1.43;0
7.017;wood;board;Plywood/multiplex, UF bonded, dry area;Disposal, chipboard, 10% binder;500;kg;2’150;10;4.7;0.95;0
7.019;wood;timber;laminated timber, beech;;;;;;;;
07.019.01;wood;timber;Laminated timber, beech, fagus;Disposal, laminated timber, beech, fagus;700;kg;1’010;9.5;1.9;0.37;0.48
8.001;adhesives, sealants, paints;sealants;2-component adhesive;Disposal, adhesives, sealants, paints;1’500;kg;10’100;0.4;24.3;4.84;0
8.002;adhesives, sealants, paints;sealants;hot bitumen;Disposal, adhesives, sealants, paints;1’000;kg;2’050;0.1;15;1.1;0
8.003;adhesives, sealants, paints;sealants;rubber sealant;Disposal, adhesives, sealants, paints;1’500;kg;6’880;0.3;24.4;2.42;0
8.004;adhesives, sealants, paints;sealants;polysulfide sealant;Disposal, adhesives, sealants, paints;1’600;kg;2’890;0.4;7.8;1.72;0
8.005;adhesives, sealants, paints;sealants;silicone grout;Disposal, adhesives, sealants, paints;1’000;kg;4’580;1.9;14.5;2.91;0
9.001;Sealing membranes and protective films;vapor barrier;Bituminous vapor barrier;Disposal, sealing sheeting and protective films, bitumen vapor barrier;1’100;kg;5’230;0.7;13.5;3.64;0
9.002;Sealing membranes and protective films;vapor barrier;Polyethylene (PE) vapor barrier;Disposal, sealing sheets and protective films, PE vapor barrier;920;kg;6’930;0.9;24.8;5.42;0
9.003;Sealing membranes and protective films;sealing membrane;Bituminous sealing membrane;Disposal, sealing sheeting and protective films, bitumen vapor barrier;1’100;kg;4’360;0.3;12.3;3.34;0
09.003.11;Sealing membranes and protective films;sealing membrane;Bituminous sealing membrane, swissporBIKUPLAN ECO;Disposal, sealing sheeting and protective films, bitumen vapor barrier;1’267;kg;3’510;0.2;6.1;2.92;0
09.003.01;Sealing membranes and protective films;sealing membrane;Bituminous sealing membrane, swissporBIKUTOP;Disposal, sealing sheeting and protective films, bitumen vapor barrier;1’269;kg;4’070;0.2;10.3;3.24;0
09.003.02;Sealing membranes and protective films;sealing membrane;Bituminous sealing membrane, swissporBIKUTOP ECO;Disposal, sealing sheeting and protective films, bitumen vapor barrier;1’256;kg;3’420;0.2;5.5;2.88;0
09.003.03;Sealing membranes and protective films;sealing membrane;Bituminous sealing membrane, swissporBIKUTOP;Disposal, sealing sheeting and protective films, bitumen vapor barrier;1’269;kg;4’070;0.2;10.3;3.24;0
09.003.04;Sealing membranes and protective films;sealing membrane;Bituminous sealing membrane, swissporBIKUTOP ECO;Disposal, sealing sheeting and protective films, bitumen vapor barrier;1’256;kg;3’420;0.2;5.5;2.88;0
09.003.05;Sealing membranes and protective films;sealing membrane;Bituminous sealing membrane, swissporBIKUTOP;Disposal, sealing sheeting and protective films, bitumen vapor barrier;1’269;kg;4’070;0.2;10.3;3.24;0
09.003.06;Sealing membranes and protective films;sealing membrane;Bituminous sealing membrane, swissporBIKUTOP ECO;Disposal, sealing sheeting and protective films, bitumen vapor barrier;1’256;kg;3’420;0.2;5.5;2.88;0
09.003.07;Sealing membranes and protective films;sealing membrane;Bituminous sealing membrane, swissporBIKUTOP;Disposal, sealing sheeting and protective films, bitumen vapor barrier;1’269;kg;4’070;0.2;10.3;3.24;0
09.003.08;Sealing membranes and protective films;sealing membrane;Bituminous sealing membrane, swissporBIKUTOP ECO;Disposal, sealing sheeting and protective films, bitumen vapor barrier;1’256;kg;3’420;0.2;5.5;2.88;0
09.003.09;Sealing membranes and protective films;sealing membrane;Bituminous sealing membrane, swissporBIKUTOP;Disposal, sealing sheeting and protective films, bitumen vapor barrier;1’269;kg;4’070;0.2;10.3;3.24;0
09.003.10;Sealing membranes and protective films;sealing membrane;Bituminous sealing membrane, swissporBIKUTOP ECO;Disposal, sealing sheeting and protective films, bitumen vapor barrier;1’256;kg;3’420;0.2;5.5;2.88;0
9.004;Sealing membranes and protective films;sealing membrane;sealing membrane rubber (EPDM);Disposal, sealing sheets and protective films, EPDM;1’100;kg;8’110;0.8;24.7;5.84;0
9.005;Sealing membranes and protective films;sealing membrane;Geomembrane polyolefin (FPO);Disposal, geomembranes and protective films, polyolefin;1’000;kg;7’880;0.4;23.2;5.19;0
9.006;Sealing membranes and protective films;sealing membrane;kraft paper;Disposal, kraft paper;650;kg;3’460;13;7.7;1.67;0
9.007;Sealing membranes and protective films;vapor barrier;Polyethylene film (PE);Disposal, sealing sheets and protective films, PE vapor barrier;920;kg;6’930;0.9;24.8;5.42;0
9.008;Sealing membranes and protective films;vapor barrier;Polyethylene fleece (PE);Disposal, sealing sheets and protective films, PE vapor barrier;920;kg;7’100;0.5;26;5.63;0
10.014;Insulation;Airgel;Airgel fleece;Disposal, airgel fleece;150;kg;73600;12.1;230;48.8;0
10.012;Insulation;mineral;expanded perlite;Disposal, building materials, mineral, unspecified;65-140;kg;1460;0.2;4.5;1.06;0
10.011;Insulation;mineral;expanded vermiculite;Disposal, building materials, mineral, unspecified;65-140;kg;690;0;1.56;0.396;0
10.016;Insulation;flax fiber ;flax fibers;Disposal, flax fiber insulation;30;kg;2’950;6;5.3;1.01;0
10.016.01;Insulation;flax fiber ;Flax fibers, MAGRIPOL, Premium;Disposal, flax fiber insulation;30;kg;2’880;5.9;5.2;0.98;0.44
10.017;Insulation;flax fiber ;Flax fibers, fireproof;Disposal, flax fiber insulation;30;kg;3’530;5.5;7.5;1.45;0.44
10.017.01;Insulation;flax fiber ;Flax fibers, fireproof, MAGRIPOL, Premium+;Disposal, flax fiber insulation;30;kg;3’460;5.4;7.4;1.42;0.44
10.001;Insulation;glass wool;glass wool;Disposal, insulating material, mineral;20-100;kg;1’960;2.4;5.5;1.1;0
10.001.01;Insulation;glass wool;Glass wool, Isover, phenol based binder;Disposal, insulating material, mineral;20-100;kg;1’830;2.3;5.1;1.03;0
10.001.03;Insulation;glass wool;Glass wool, Isover, vegetable binder;Disposal, insulating material, mineral;20-100;kg;1’700;2.5;3.7;0.89;0
10.001.02;Insulation;glass wool;Glass wool, SUPAFIL;Disposal, insulating material, mineral;35;kg;2’060;0.3;5.9;1.14;0
10.002;Insulation;cork board;cork board;Disposal, cork board;120;kg;2’170;7.9;6.2;1.11;0.496
10.003;Insulation;polystyrene;phenolic resin (PF);Disposal, insulation, organic, polystyrene;40;kg;10’000;1;34;7.27;0
10.004;Insulation;polystyrene;Expanded polystyrene (EPS);Disposal, insulation, organic, polystyrene;15-40;kg;9’800;1;30;7.6;0
10.004.01;Insulation;polystyrene;Expanded polystyrene, SwissporEPS;Disposal, insulation, organic, polystyrene;16.8;kg;8’790;0.7;26.7;6.95;0
10.004.02;Insulation;polystyrene;Expanded polystyrene, 44% recycled content, SwissporEPS Roof Eco;Disposal, insulation, organic, polystyrene;26;kg;;;;;
10.004.03;Insulation;polystyrene;Expanded polystyrene, 100% recycled content, SwissporEPS R 100%;Disposal, insulation, organic, polystyrene;27;kg;;;;;
10.005;Insulation;polystyrene;Polystyrene extruded (XPS);Disposal, insulation, organic, polystyrene;30-35;kg;19’700;1;29.4;14.4;0
10.005.01;Insulation;polystyrene;Polystyrene extruded, SwissporXPS;Disposal, insulation, organic, polystyrene;34.3;kg;8’880;1.4;25.5;6.96;0
10.006;Insulation;polystyrene;Polyurethane (PUR/PIR);Disposal, thermal insulation materials polyurethane;30;kg;10’400;1;30;7.45;0
10.006.01;Insulation;polystyrene;Polyurethane, SwissporPIR;Disposal, thermal insulation materials polyurethane;30;kg;9’830;1;28;7.08;0
10.007;Insulation;foam glass;foam glass;Disposal, building materials, mineral, unspecified;100-165;kg;1’760;1.9;5.2;1.19;0
10.007.01;Insulation;foam glass;Foam glass, GLAPOR;Disposal, building materials, mineral, unspecified;120;kg;1’020;0.2;3.2;0.71;0
10.013;Insulation;foam glass;foam glass gravel;Disposal, building materials, mineral, unspecified;125-150;kg;499;0.3;1.7;0.16;0
10.013.01;Insulation;foam glass;Foam glass gravel, Misapor;Disposal, building materials, mineral, unspecified;125-150;kg;435;0.2;1.6;0.13;0
10.008;Insulation;rockwool;rockwool;Disposal, insulating material, mineral;32-160;kg;1’790;0.5;4.5;1.19;0
10.008.01;Insulation;rockwool;Rockwool, Flumroc;Disposal, insulating material, mineral;32-160;kg;1’620;0.3;4;1.09;0
10.015;Insulation;straw bale;straw bale wall;Disposal mix, straw bale wall;215;kg;586;4.9;0.2;0.1;0.368
10.009;Insulation;fiber;softboard;Disposal, softboard;148;kg;1400;7.1;3.4;0.727;0.436
10.01;Insulation;fiber;cellulose fibers;disposal, paper;35-60;kg;558;0.26;1.05;0.281;0.404
10.010.01;Insulation;fiber;cellulose fibres, isofloc;disposal, paper;35-60;kg;471;0.24;0.85;0.234;0.404
11.001;flooring;polymer;2K flow covering industry (epoxy resin), 2.25 mm;Disposal, 2K flow covering industry;4.55;m2;41’800;2;65;18.4;0
11.002;flooring;polymer;2K flow covering for living/administration (epoxy resin, PU), 2 mm;Disposal, 2K flow covering living;3.6;m2;25’800;2;62;13.9;0
11.003;flooring;rubber;Sealed rubber granules, 7.5 mm;Disposal, organic flooring, rubber granules;8.25;m2;38’800;3;113;26.9;0
11.004;flooring;concrete;Mastic asphalt, 27.5 mm;Disposal, asphalt, 0.1% water, in reactor landfill;63.3;m2;33’800;3;126;16;0
11.005;flooring;concrete;Hard concrete single layer, 27.5 mm;Disposal, flooring, hard concrete single layer;57.8;m2;26’600;2;47;16.5;0
11.006;flooring;concrete;Hard concrete two-layer, 35 mm;Disposal, flooring, hard concrete two-layer;73.5;m2;27’300;2;42;16.4;0
11.007;flooring;rubber;Rubber, 2mm;Disposal, flooring, rubber;3.36;m2;24’200;10;61;14.2;0
11.008;flooring;stone;Ceramic/stoneware top, 9 mm;Disposal, ceramic brick;18;m2;87’000;4;83;18.2;0
11.009;flooring;stone;Cork parquet, 10.5 mm;Disposal, cork parquet;7.8;m2;15’600;39;45;9.08;3
11.01;flooring;stone;Cork PVC coated, 3.2 mm;Disposal, flooring, cork PVC coated;2.7;m2;12’000;8;35;8.28;1
11.011;flooring;stone;Cork parquet oiled/sealed, 5.3 mm;Disposal, cork parquet;2.7;m2;5’980;12.3;12.1;3.26;1
11.012;flooring;stone;Cement-bound artificial stone slab, 10 mm;Disposal, artificial stone bricks;21.5;m2;25’900;1.8;30.5;10.4;0
11.013;flooring;stone;Laminate, 8.5 mm;Disposal, laminate, 5% binder;8.5;m2;16’600;38;43;10.4;2
11.014;flooring;stone;Linoleum, 2.5mm;Disposal, linoleum, 15% binder;2.9;m2;15’800;19;26.3;6.37;1
11.015;flooring;stone bricks;Ground natural stone slab, 15 mm;Disposal, natural stone bricks;40.5;m2;42’100;19;118;17;0
11.015.01;flooring;stone bricks;Ground natural stone slab, Europe, 15 mm;Disposal, natural stone bricks;40.5;m2;40900;19.4;118;16.7;0
11.015.02;flooring;stone bricks;Ground natural stone slab, Switzerland, 15 mm;Disposal, natural stone bricks;40.5;m2;34900;18.8;104;13.4;0
11.015.03;flooring;stone bricks;Ground natural stone slab, overseas, 15 mm;Disposal, natural stone bricks;40.5;m2;44700;19.5;123;18.1;0
11.016;flooring;stone bricks;Natural stone slab cut, 15 mm;Disposal, natural stone bricks;40.5;m2;32’100;13;88;13.5;0
11.017;flooring;stone bricks;Polished natural stone slab, 15 mm;Disposal, natural stone bricks;40.5;m2;69’900;25;144;19.7;0
11.018;flooring;stone bricks;Parquet 2-layer factory sealed, 11 mm;Disposal, stone bricks, 2-layer;6.1;m2;16’100;88;42;7.8;3
11.019;flooring;wood;Parquet 3-layer factory sealed, 15 mm;Disposal, wooden parquet, 3-layer;7.9;m2;18’200;145;40;8.1;4
11.02;flooring;wood;Parquet mosaic factory sealed, 8 mm;Disposal, wooden parquet mosaic;5.6;m2;9’050;90;23;3.6;2
11.021;flooring;plastics;PVC homogeneous, 2 mm;Disposal, plastics, PVC;3.1;m2;20’600;2;58;14.4;0
11.022;flooring;Stone wood;Stonewood sealed, 16.5 mm;Disposal, stone wood floor;22;m2;16’400;1;25.2;13;0
11,023;flooring;fiber;Synthetic thermoplastic pads (TPO), 2 mm;Disposal, Synthetic Thermoplastic Pads (TPO);3.4;m2;20’000;3;43;16;0
11.024;flooring;fiber;Carpet tufted synthetic fiber;Disposal, carpet tufted synthetic fiber;2.1;m2;21’200;1;50;16.7;0
11.025;flooring;fiber;Carpet needle felt;Disposal, carpet needle felt;1.3;m2;12’700;1;34;9.85;0
11.026;flooring;fiber;Carpet natural fiber;Disposal, carpet natural fiber;2.7;m2;15’300;10.9;15.5;5.08;1
11.027;flooring;stone bricks;Terrazzo sealed, 40 mm;disposal, terrazzo;95;m2;28’200;4;41;17.3;0
12.005;door;Exterior door;Outer door, aluminium, glass insert;Disposal, outer door, aluminum, glass insert;-;m2;395’000;117;912;216;0
12.006;door;Exterior door;Outer door, aluminium, panel filling;Disposal, external door, aluminium, panel filling;-;m2;385’000;142;838;193;0
12.008;door;Exterior door;Outer door, wood;Disposal, building, exterior door, wood;-;m2;125’000;283;265;62.3;16
12.001;door;Exterior door;Exterior door, wood, aluminium-clad;Disposal, building, exterior door, wood-aluminium;-;m2;231’000;328;506;116;16
12.002;door;Exterior door;Exterior door, wood, glass insert;Disposal, building, exterior door, wood-glass;-;m2;161’000;246;359;85.9;13
12.007;door;Interior door;Interior door, aluminium, glass insert;Disposal, interior door, aluminum, glass insert;-;m2;316’000;103;723;166;0
12.009;door;Interior door;Interior door, functional door, wood, wooden frame;Disposal, building, functional door, wood, wooden frame;-;m2;88’000;279;190;44.4;17
12.012;door;Interior door;Interior door, functional door, wood, steel frame;Disposal, building, function door, wood, steel frame;-;m2;181’000;231;357;97;14
12.004;door;Interior door;Interior door, room door, wood, glass insert, wooden frame;Disposal, building, interior door, wood, glass insert, wooden frame;-;m2;109’000;200;255;59.8;11
12.011;door;Interior door;Interior door, room door, wood, glass insert, steel frame;Disposal, building, interior door, wood, glass insert, steel frame;-;m2;202’000;152;421;112;7
12.003;door;Interior door;Interior door, room door, wood, wooden frame;Disposal, building, interior door, wood, wooden frame;-;m2;64’600;206;141;32.4;12
12.01;door;Interior door;Interior door, room door, wood, steel frame;Disposal, building, interior door, wood, steel frame;-;m2;158’000;158;307;85;9
13.001;systems;Tube;Acrylonitrile Butadiene Styrene (ABS);Disposal, plastic pipes, ABS;1’050;kg;9’780;0;30;7.67;0
13.005;systems;Tube;cast iron;disposal, steel;7’850;kg;5’670;0.3;5.5;2.1;0
13.002;systems;Tube;polyethylene (PE);Disposal, plastic pipes, PE or PP;960;kg;6’020;0.5;23.2;4.75;0
13.003;systems;Tube;Polypropylene (PP);Disposal, plastic pipes, PE or PP;910;kg;6’050;0.4;22.7;4.78;0
13.004;systems;Tube;Polyvinyl chloride (PVC);Disposal, plastic pipes, PVC;1’390;kg;6’250;0.6;19.5;4.49;0
14.002;coating;paints, finishing;Coating, solvent-dilutable, 2 coats;Disposal, color, 2 layers;0.3;m2;2’270;0.5;6.6;0.976;0
14.001;coating;paints, finishing;Coating, water-dilutable, 2 coats;Disposal, color, 2 layers;0.3;m2;1’220;0.1;4.2;0.702;0
14.003;coating;paints, finishing;Bitumen emulsion, 1 coat;Disposal, color, 1 layer;0.25;m2;429;0.02;1.9;0.181;0
14.004;coating;paints, finishing;Enameling, metal;none;-;m2;16’400;4;44;8.12;0
14.005;coating;paints, finishing;Powder coating, aluminum;none;-;m2;6’270;0.6;16.6;3.65;0
14.006;coating;paints, finishing;Powder coating, steel;none;-;m2;6’760;0.7;21.1;4.39;0
14.007;coating;paints, finishing;Chrome plating, steel;none;-;m2;6’320;0.9;4.5;0.612;0
14.008;coating;paints, finishing;galvanizing, steel;none;-;m2;29’500;3;25.6;6.1;0
15.001;plastics;plastics;Plexiglas (PMMA, acrylic glass);Disposal, plastics made from pure hydrocarbons;1’180;kg;14’800;0;40;11.6;0
15.002;plastics;plastics;Polyamide (PA) glass fiber reinforced;Disposal, plastics, containing nitrogen;1’360;kg;15’200;1;40;11.5;0
15.003;plastics;plastics;Polycarbonate (PC);Disposal, plastics made from pure hydrocarbons;1’200;kg;15’900;0;32;11.4;0
15.004;plastics;plastics;Polyester (UP) glass fiber reinforced;Disposal, plastics made from pure hydrocarbons;1’500;kg;13’800;1.5;31.4;9.85;0
15.005;plastics;plastics;Polystyrene (PS);disposal, polystyrene;1’050;kg;8’170;0;24.6;6.73;0
21.001;Kitchen;waste;waste separation system;Disposal, waste separation system;-;pc;35’300;17;113;24.2;0
21.002;Kitchen;worktop;Chrome steel worktop, high-end;Disposal, worktop chrome steel, high-end;-;m2;838’000;450;1260;333;0
21.003;Kitchen;worktop;Chrome steel worktop, standard;Disposal, chrome steel worktop, standard;-;m2;137’000;89;225;56.9;5
21.004;Kitchen;worktop;Worktop composite material (based on aluminum hydroxide);Disposal, worktop composite material (based on aluminum hydroxide);-;m2;137’000;6;355;95.6;0
21.005;Kitchen;worktop;Worktop coated with synthetic resin;Disposal, worktop coated with synthetic resin;-;m2;34’300;148;102;20.2;12
21.006;Kitchen;worktop;Solid wood worktop;Disposal, worktop solid wood;-;m2;27’600;335;61;12.6;6
21.007;Kitchen;worktop;Natural stone countertop;Disposal, building materials, mineral, unspecified;-;m2;159’000;72;356;41.3;0
21.008;Kitchen;vent;steam vent;Disposal, fume extraction;-;pc;357’000;69;598;151;0
21.009;Kitchen;board;Kitchen, solid wood, 16 pieces;Disposal, kitchen, solid wood, 16 pieces;-;pc;1’010’000;5040;1980;471;160
21.01;Kitchen;board;Kitchen, metal, 16 pieces;Disposal, kitchen, metal, 16 pieces;-;pc;6’620’000;683;10300;2770;3
21.011;Kitchen;board;Kitchen, chipboard, 16 pieces;Disposal, kitchen, chipboard, 16 pieces;-;pc;1’200’000;2530;2870;633;223
21.012;Kitchen;sink;Chrome steel sink;Disposal, sink chrome steel;-;pc;110’000;41;214;48.6;0
21.013;Kitchen;sink;Sink composite material (rock flour based);Disposal, sink composite material (rock flour based);-;pc;46’700;16;144;30.7;0
